SNP	effect_allele.exposure	other_allele.exposure	eaf.exposure	beta.exposure	se.exposure	pval.exposure	exposure	mr_keep.exposure	pval_origin.exposure	id.exposure	data_source.exposure	rsid	pval	id
rs12044597	A	G	0.4971	-0.0143	0.0016	1.7e-18	exposure	TRUE	reported	N3G9G5	textfile	rs12044597	1.7e-18	3Wzc9Y
rs7535528	A	G	0.3741	-0.0152	0.0018	1.4e-16	exposure	TRUE	reported	N3G9G5	textfile	rs7535528	1.4e-16	3Wzc9Y
rs6577584	T	G	0.6537	-0.0131	0.0018	3.7e-13	exposure	TRUE	reported	N3G9G5	textfile	rs6577584	3.7e-13	3Wzc9Y
rs761423	T	C	0.55	0.0113	0.0017	5.5e-11	exposure	TRUE	reported	N3G9G5	textfile	rs761423	5.5e-11	3Wzc9Y
rs967605	T	C	0.8334	-0.0192	0.0023	1.7e-16	exposure	TRUE	reported	N3G9G5	textfile	rs967605	1.7e-16	3Wzc9Y
rs785278	A	T	0.1771	-0.0159	0.0023	2.8e-12	exposure	TRUE	reported	N3G9G5	textfile	rs785278	2.8e-12	3Wzc9Y
rs9426003	A	G	0.2952	-0.0116	0.0019	1.4e-09	exposure	TRUE	reported	N3G9G5	textfile	rs9426003	1.4e-09	3Wzc9Y
rs6700838	T	C	0.5959	-0.017	0.0017	2.5e-22	exposure	TRUE	reported	N3G9G5	textfile	rs6700838	2.5e-22	3Wzc9Y
rs7531656	A	G	0.3246	0.0195	0.0017	7.4e-29	exposure	TRUE	reported	N3G9G5	textfile	rs7531656	7.4e-29	3Wzc9Y
rs2481665	T	C	0.5592	0.0161	0.0016	7.2e-23	exposure	TRUE	reported	N3G9G5	textfile	rs2481665	7.2e-23	3Wzc9Y
rs7531118	T	C	0.4604	-0.0256	0.0016	3.6e-54	exposure	TRUE	reported	N3G9G5	textfile	rs7531118	3.6e-54	3Wzc9Y
rs284227	T	C	0.7448	-0.0147	0.0019	3.5e-15	exposure	TRUE	reported	N3G9G5	textfile	rs284227	3.5e-15	3Wzc9Y
rs1973993	T	C	0.4096	-0.0208	0.0017	4.7e-33	exposure	TRUE	reported	N3G9G5	textfile	rs1973993	4.7e-33	3Wzc9Y
rs7550711	T	C	0.03058	0.0649	0.005	3.2e-38	exposure	TRUE	reported	N3G9G5	textfile	rs7550711	3.2e-38	3Wzc9Y
rs12033257	A	G	0.6165	0.0146	0.0018	2.4e-15	exposure	TRUE	reported	N3G9G5	textfile	rs12033257	2.4e-15	3Wzc9Y
rs6587552	A	G	0.2409	0.0173	0.002	1.6e-17	exposure	TRUE	reported	N3G9G5	textfile	rs6587552	1.6e-17	3Wzc9Y
rs10733051	A	G	0.5198	0.0097	0.0016	2.9e-09	exposure	TRUE	reported	N3G9G5	textfile	rs10733051	2.9e-09	3Wzc9Y
rs12564992	A	G	0.8856	-0.0196	0.0026	5.3e-14	exposure	TRUE	reported	N3G9G5	textfile	rs12564992	5.3e-14	3Wzc9Y
rs543874	A	G	0.8048	-0.0475	0.002	1.2e-122	exposure	TRUE	reported	N3G9G5	textfile	rs543874	1.2e-122	3Wzc9Y
rs10920678	A	G	0.4291	0.0155	0.0016	1.5e-21	exposure	TRUE	reported	N3G9G5	textfile	rs10920678	1.5e-21	3Wzc9Y
rs12041258	T	C	0.7713	0.0146	0.002	9.5e-13	exposure	TRUE	reported	N3G9G5	textfile	rs12041258	9.5e-13	3Wzc9Y
rs2820311	A	G	0.6631	-0.0235	0.0018	4.1e-38	exposure	TRUE	reported	N3G9G5	textfile	rs2820311	4.1e-38	3Wzc9Y
rs17014375	T	G	0.8652	-0.0172	0.0025	1.1e-11	exposure	TRUE	reported	N3G9G5	textfile	rs17014375	1.1e-11	3Wzc9Y
rs11118308	A	G	0.5297	0.0101	0.0016	4.8e-10	exposure	TRUE	reported	N3G9G5	textfile	rs11118308	4.8e-10	3Wzc9Y
rs10915840	A	G	0.283	-0.0118	0.0019	1.3e-09	exposure	TRUE	reported	N3G9G5	textfile	rs10915840	1.3e-09	3Wzc9Y
rs3753549	T	C	0.8563	-0.0203	0.0025	1.7e-15	exposure	TRUE	reported	N3G9G5	textfile	rs3753549	1.7e-15	3Wzc9Y
rs4639527	A	G	0.6988	-0.0172	0.0019	3.3e-20	exposure	TRUE	reported	N3G9G5	textfile	rs4639527	3.3e-20	3Wzc9Y
rs13021737	A	G	0.1681	-0.0574	0.0021	7.5e-157	exposure	TRUE	reported	N3G9G5	textfile	rs13021737	7.5e-157	3Wzc9Y
rs10182181	A	G	0.5247	-0.0325	0.0016	6.7e-90	exposure	TRUE	reported	N3G9G5	textfile	rs10182181	6.7e-90	3Wzc9Y
rs17327461	T	C	0.4498	0.0125	0.0016	1.5e-14	exposure	TRUE	reported	N3G9G5	textfile	rs17327461	1.5e-14	3Wzc9Y
rs4670626	T	C	0.3572	-0.0113	0.0018	4.9e-10	exposure	TRUE	reported	N3G9G5	textfile	rs4670626	4.9e-10	3Wzc9Y
rs7561278	T	C	0.786	0.0159	0.0021	5.7e-14	exposure	TRUE	reported	N3G9G5	textfile	rs7561278	5.7e-14	3Wzc9Y
rs930295	A	C	0.1583	0.0211	0.0023	1e-19	exposure	TRUE	reported	N3G9G5	textfile	rs930295	1e-19	3Wzc9Y
rs4671328	T	G	0.4467	0.0219	0.0017	2.2e-36	exposure	TRUE	reported	N3G9G5	textfile	rs4671328	2.2e-36	3Wzc9Y
rs6545714	A	G	0.6139	-0.0191	0.0017	9.1e-31	exposure	TRUE	reported	N3G9G5	textfile	rs6545714	9.1e-31	3Wzc9Y
rs7607351	T	C	0.5807	0.0119	0.0017	8.4e-12	exposure	TRUE	reported	N3G9G5	textfile	rs7607351	8.4e-12	3Wzc9Y
rs1371108	A	C	0.3247	0.0119	0.0018	9e-11	exposure	TRUE	reported	N3G9G5	textfile	rs1371108	9e-11	3Wzc9Y
rs7557796	T	C	0.3476	0.016	0.0018	2.3e-19	exposure	TRUE	reported	N3G9G5	textfile	rs7557796	2.3e-19	3Wzc9Y
rs4303732	T	C	0.6026	0.0144	0.0017	2.2e-16	exposure	TRUE	reported	N3G9G5	textfile	rs4303732	2.2e-16	3Wzc9Y
rs1451533	A	G	0.273	0.0167	0.0019	1e-17	exposure	TRUE	reported	N3G9G5	textfile	rs1451533	1e-17	3Wzc9Y
rs902695	A	G	0.4798	-0.0103	0.0017	2.2e-09	exposure	TRUE	reported	N3G9G5	textfile	rs902695	2.2e-09	3Wzc9Y
rs17551974	A	C	0.1782	-0.0141	0.0022	1.9e-10	exposure	TRUE	reported	N3G9G5	textfile	rs17551974	1.9e-10	3Wzc9Y
rs453520	T	C	0.5834	-0.015	0.0017	7e-18	exposure	TRUE	reported	N3G9G5	textfile	rs453520	7e-18	3Wzc9Y
rs7600699	C	G	0.8421	-0.0149	0.0024	6.4e-10	exposure	TRUE	reported	N3G9G5	textfile	rs7600699	6.4e-10	3Wzc9Y
rs6738445	T	C	0.2836	-0.0133	0.0018	1.9e-13	exposure	TRUE	reported	N3G9G5	textfile	rs6738445	1.9e-13	3Wzc9Y
rs9630985	A	C	0.3244	-0.0177	0.0018	4.4e-22	exposure	TRUE	reported	N3G9G5	textfile	rs9630985	4.4e-22	3Wzc9Y
rs972540	A	G	0.7272	-0.013	0.0018	8e-13	exposure	TRUE	reported	N3G9G5	textfile	rs972540	8e-13	3Wzc9Y
rs17203016	A	G	0.804	-0.015	0.002	2.1e-13	exposure	TRUE	reported	N3G9G5	textfile	rs17203016	2.1e-13	3Wzc9Y
rs7599312	A	G	0.2652	-0.0186	0.0019	6.9e-24	exposure	TRUE	reported	N3G9G5	textfile	rs7599312	6.9e-24	3Wzc9Y
rs11889536	A	G	0.8507	0.0189	0.0024	6.4e-15	exposure	TRUE	reported	N3G9G5	textfile	rs11889536	6.4e-15	3Wzc9Y
rs10211055	T	C	0.6544	-0.0157	0.0018	7.2e-18	exposure	TRUE	reported	N3G9G5	textfile	rs10211055	7.2e-18	3Wzc9Y
rs1899951	T	C	0.1314	0.017	0.0024	3.1e-12	exposure	TRUE	reported	N3G9G5	textfile	rs1899951	3.1e-12	3Wzc9Y
rs580438	T	C	0.3319	0.0114	0.0018	6.5e-10	exposure	TRUE	reported	N3G9G5	textfile	rs580438	6.5e-10	3Wzc9Y
rs6804842	A	G	0.428	-0.0156	0.0017	3.6e-21	exposure	TRUE	reported	N3G9G5	textfile	rs6804842	3.6e-21	3Wzc9Y
rs28350	A	G	0.193	0.0177	0.0022	3.5e-15	exposure	TRUE	reported	N3G9G5	textfile	rs28350	3.5e-15	3Wzc9Y
rs2230590	T	C	0.4925	-0.0239	0.0017	4.1e-44	exposure	TRUE	reported	N3G9G5	textfile	rs2230590	4.1e-44	3Wzc9Y
rs2365389	T	C	0.4143	-0.0174	0.0017	1.3e-25	exposure	TRUE	reported	N3G9G5	textfile	rs2365389	1.3e-25	3Wzc9Y
rs1452075	T	C	0.7277	0.0141	0.0018	1.3e-14	exposure	TRUE	reported	N3G9G5	textfile	rs1452075	1.3e-14	3Wzc9Y
rs925018	C	G	0.6765	-0.013	0.0018	1.4e-13	exposure	TRUE	reported	N3G9G5	textfile	rs925018	1.4e-13	3Wzc9Y
rs3849570	A	C	0.3414	0.0132	0.0017	3.3e-14	exposure	TRUE	reported	N3G9G5	textfile	rs3849570	3.3e-14	3Wzc9Y
rs1375561	T	C	0.6536	0.0173	0.0017	3.1e-24	exposure	TRUE	reported	N3G9G5	textfile	rs1375561	3.1e-24	3Wzc9Y
rs1454687	C	G	0.4773	0.0202	0.0017	5.2e-32	exposure	TRUE	reported	N3G9G5	textfile	rs1454687	5.2e-32	3Wzc9Y
rs1436343	A	G	0.4078	-0.0141	0.0017	7.3e-16	exposure	TRUE	reported	N3G9G5	textfile	rs1436343	7.3e-16	3Wzc9Y
rs7640424	T	C	0.2969	-0.0136	0.0018	2.3e-14	exposure	TRUE	reported	N3G9G5	textfile	rs7640424	2.3e-14	3Wzc9Y
rs4624596	T	C	0.8149	0.0136	0.0023	2.2e-09	exposure	TRUE	reported	N3G9G5	textfile	rs4624596	2.2e-09	3Wzc9Y
rs2124499	C	G	0.3718	-0.0123	0.0017	3.4e-13	exposure	TRUE	reported	N3G9G5	textfile	rs2124499	3.4e-13	3Wzc9Y
rs1320903	A	G	0.3174	0.0216	0.0018	9.2e-32	exposure	TRUE	reported	N3G9G5	textfile	rs1320903	9.2e-32	3Wzc9Y
rs16851483	T	G	0.06928	0.0369	0.0035	3.2e-26	exposure	TRUE	reported	N3G9G5	textfile	rs16851483	3.2e-26	3Wzc9Y
rs355777	C	G	0.4106	0.0153	0.0017	1.4e-18	exposure	TRUE	reported	N3G9G5	textfile	rs355777	1.4e-18	3Wzc9Y
rs7615297	C	G	0.8535	0.0149	0.0024	5.7e-10	exposure	TRUE	reported	N3G9G5	textfile	rs7615297	5.7e-10	3Wzc9Y
rs5396	T	C	0.7235	-0.0154	0.0018	3e-17	exposure	TRUE	reported	N3G9G5	textfile	rs5396	3e-17	3Wzc9Y
rs6443750	T	C	0.1932	-0.0148	0.0021	3.2e-12	exposure	TRUE	reported	N3G9G5	textfile	rs6443750	3.2e-12	3Wzc9Y
rs9816226	A	T	0.1801	-0.0323	0.0021	1.6e-52	exposure	TRUE	reported	N3G9G5	textfile	rs9816226	1.6e-52	3Wzc9Y
rs6764533	A	G	0.359	0.0116	0.0018	1.4e-10	exposure	TRUE	reported	N3G9G5	textfile	rs6764533	1.4e-10	3Wzc9Y
rs1477887	A	G	0.4567	-0.0138	0.0017	2e-15	exposure	TRUE	reported	N3G9G5	textfile	rs1477887	2e-15	3Wzc9Y
rs9291467	T	C	0.4625	0.014	0.0017	6.7e-16	exposure	TRUE	reported	N3G9G5	textfile	rs9291467	6.7e-16	3Wzc9Y
rs6448587	A	C	0.8109	0.0167	0.0023	2.3e-13	exposure	TRUE	reported	N3G9G5	textfile	rs6448587	2.3e-13	3Wzc9Y
rs10938397	A	G	0.5683	-0.0324	0.0016	3.4e-86	exposure	TRUE	reported	N3G9G5	textfile	rs10938397	3.4e-86	3Wzc9Y
rs1492767	T	C	0.4957	0.0094	0.0016	1e-08	exposure	TRUE	reported	N3G9G5	textfile	rs1492767	1e-08	3Wzc9Y
rs2192158	A	G	0.4601	0.0129	0.0017	8.3e-14	exposure	TRUE	reported	N3G9G5	textfile	rs2192158	8.3e-14	3Wzc9Y
rs11945861	A	G	0.2369	-0.0148	0.002	5e-13	exposure	TRUE	reported	N3G9G5	textfile	rs11945861	5e-13	3Wzc9Y
rs4148155	A	G	0.8873	0.0188	0.0026	5e-13	exposure	TRUE	reported	N3G9G5	textfile	rs4148155	5e-13	3Wzc9Y
rs13107325	T	C	0.07373	0.047	0.0032	1.1e-47	exposure	TRUE	reported	N3G9G5	textfile	rs13107325	1.1e-47	3Wzc9Y
rs326889	T	C	0.3928	-0.0129	0.0018	2.4e-13	exposure	TRUE	reported	N3G9G5	textfile	rs326889	2.4e-13	3Wzc9Y
rs7694732	A	G	0.5622	0.0099	0.0017	8.7e-09	exposure	TRUE	reported	N3G9G5	textfile	rs7694732	8.7e-09	3Wzc9Y
rs4864201	T	C	0.3531	0.0141	0.0017	1.5e-16	exposure	TRUE	reported	N3G9G5	textfile	rs4864201	1.5e-16	3Wzc9Y
rs1296328	A	C	0.4343	0.0179	0.0018	4.9e-24	exposure	TRUE	reported	N3G9G5	textfile	rs1296328	4.9e-24	3Wzc9Y
rs11736228	A	T	0.7413	0.0139	0.002	4.1e-12	exposure	TRUE	reported	N3G9G5	textfile	rs11736228	4.1e-12	3Wzc9Y
rs6827083	A	G	0.5691	-0.0097	0.0016	4.8e-09	exposure	TRUE	reported	N3G9G5	textfile	rs6827083	4.8e-09	3Wzc9Y
rs13110266	A	G	0.4065	-0.0117	0.0017	1.9e-12	exposure	TRUE	reported	N3G9G5	textfile	rs13110266	1.9e-12	3Wzc9Y
rs1522569	T	G	0.8181	0.0164	0.0022	2.9e-13	exposure	TRUE	reported	N3G9G5	textfile	rs1522569	2.9e-13	3Wzc9Y
rs7683836	A	G	0.5405	-0.0114	0.0017	6.3e-11	exposure	TRUE	reported	N3G9G5	textfile	rs7683836	6.3e-11	3Wzc9Y
rs4518345	A	G	0.2842	-0.0117	0.0019	1e-09	exposure	TRUE	reported	N3G9G5	textfile	rs4518345	1e-09	3Wzc9Y
rs7730004	T	C	0.6693	0.0148	0.0018	9.1e-16	exposure	TRUE	reported	N3G9G5	textfile	rs7730004	9.1e-16	3Wzc9Y
rs6879326	T	C	0.4953	-0.0098	0.0017	1.3e-08	exposure	TRUE	reported	N3G9G5	textfile	rs6879326	1.3e-08	3Wzc9Y
rs6449531	A	G	0.3537	-0.0127	0.0018	2.1e-12	exposure	TRUE	reported	N3G9G5	textfile	rs6449531	2.1e-12	3Wzc9Y
rs2367112	T	G	0.5081	0.0119	0.0016	2.3e-13	exposure	TRUE	reported	N3G9G5	textfile	rs2367112	2.3e-13	3Wzc9Y
rs2307111	T	C	0.6038	0.0265	0.0016	1.6e-58	exposure	TRUE	reported	N3G9G5	textfile	rs2307111	1.6e-58	3Wzc9Y
rs12514473	T	C	0.7687	0.0167	0.002	8.8e-17	exposure	TRUE	reported	N3G9G5	textfile	rs12514473	8.8e-17	3Wzc9Y
rs2304607	A	G	0.852	-0.032	0.0025	1.7e-36	exposure	TRUE	reported	N3G9G5	textfile	rs2304607	1.7e-36	3Wzc9Y
rs6235	C	G	0.7298	-0.0175	0.0019	1.5e-19	exposure	TRUE	reported	N3G9G5	textfile	rs6235	1.5e-19	3Wzc9Y
rs40067	A	G	0.1713	-0.0266	0.0023	7.1e-30	exposure	TRUE	reported	N3G9G5	textfile	rs40067	7.1e-30	3Wzc9Y
rs6595205	C	G	0.4695	0.0114	0.0016	2e-12	exposure	TRUE	reported	N3G9G5	textfile	rs6595205	2e-12	3Wzc9Y
rs7711753	A	G	0.4356	-0.0134	0.0016	3.4e-16	exposure	TRUE	reported	N3G9G5	textfile	rs7711753	3.4e-16	3Wzc9Y
rs13174863	A	G	0.8452	-0.0192	0.0023	2.9e-16	exposure	TRUE	reported	N3G9G5	textfile	rs13174863	2.9e-16	3Wzc9Y
rs3844598	A	G	0.479	-0.0095	0.0017	3.8e-08	exposure	TRUE	reported	N3G9G5	textfile	rs3844598	3.8e-08	3Wzc9Y
rs7715256	T	G	0.5781	-0.0166	0.0016	2.2e-24	exposure	TRUE	reported	N3G9G5	textfile	rs7715256	2.2e-24	3Wzc9Y
rs17056301	T	C	0.7364	-0.0118	0.002	2.4e-09	exposure	TRUE	reported	N3G9G5	textfile	rs17056301	2.4e-09	3Wzc9Y
rs7730898	A	G	0.729	0.0168	0.0018	4.5e-20	exposure	TRUE	reported	N3G9G5	textfile	rs7730898	4.5e-20	3Wzc9Y
rs2228213	A	G	0.3481	-0.0139	0.0017	4.6e-16	exposure	TRUE	reported	N3G9G5	textfile	rs2228213	4.6e-16	3Wzc9Y
rs9367368	T	C	0.6967	0.0121	0.0018	1e-11	exposure	TRUE	reported	N3G9G5	textfile	rs9367368	1e-11	3Wzc9Y
rs2842385	A	G	0.8019	-0.012	0.0022	3.4e-08	exposure	TRUE	reported	N3G9G5	textfile	rs2842385	3.4e-08	3Wzc9Y
rs7760082	A	G	0.6646	-0.0122	0.0018	2.9e-11	exposure	TRUE	reported	N3G9G5	textfile	rs7760082	2.9e-11	3Wzc9Y
rs2814992	A	G	0.6599	-0.0245	0.0017	4.1e-45	exposure	TRUE	reported	N3G9G5	textfile	rs2814992	4.1e-45	3Wzc9Y
rs847747	T	G	0.2964	-0.0113	0.0019	2.1e-09	exposure	TRUE	reported	N3G9G5	textfile	rs847747	2.1e-09	3Wzc9Y
rs7748777	A	G	0.4587	0.0105	0.0016	1.6e-10	exposure	TRUE	reported	N3G9G5	textfile	rs7748777	1.6e-10	3Wzc9Y
rs987237	A	G	0.8197	-0.0409	0.0021	9.3e-84	exposure	TRUE	reported	N3G9G5	textfile	rs987237	9.3e-84	3Wzc9Y
rs2504674	C	G	0.4336	-0.0112	0.0017	1.2e-10	exposure	TRUE	reported	N3G9G5	textfile	rs2504674	1.2e-10	3Wzc9Y
rs816364	A	G	0.6394	-0.01	0.0018	2e-08	exposure	TRUE	reported	N3G9G5	textfile	rs816364	2e-08	3Wzc9Y
rs9688431	T	C	0.93966	0.0231	0.0035	2.4e-11	exposure	TRUE	reported	N3G9G5	textfile	rs9688431	2.4e-11	3Wzc9Y
rs9294260	A	G	0.4731	0.0147	0.0016	1.8e-19	exposure	TRUE	reported	N3G9G5	textfile	rs9294260	1.8e-19	3Wzc9Y
rs9362662	A	G	0.4799	0.0112	0.0017	1.2e-10	exposure	TRUE	reported	N3G9G5	textfile	rs9362662	1.2e-10	3Wzc9Y
rs1324110	C	G	0.4391	-0.0103	0.0017	6.8e-10	exposure	TRUE	reported	N3G9G5	textfile	rs1324110	6.8e-10	3Wzc9Y
rs901630	T	C	0.3973	-0.0146	0.0017	1.9e-18	exposure	TRUE	reported	N3G9G5	textfile	rs901630	1.9e-18	3Wzc9Y
rs6919443	A	G	0.4163	-0.0096	0.0017	4.3e-08	exposure	TRUE	reported	N3G9G5	textfile	rs6919443	4.3e-08	3Wzc9Y
rs3800229	T	G	0.7123	0.0175	0.0018	1.4e-22	exposure	TRUE	reported	N3G9G5	textfile	rs3800229	1.4e-22	3Wzc9Y
rs2357760	A	G	0.6754	0.0145	0.0017	6.8e-17	exposure	TRUE	reported	N3G9G5	textfile	rs2357760	6.8e-17	3Wzc9Y
rs2875762	C	G	0.2473	0.0139	0.002	1.2e-11	exposure	TRUE	reported	N3G9G5	textfile	rs2875762	1.2e-11	3Wzc9Y
rs2781668	T	C	0.1612	0.0169	0.0023	4e-13	exposure	TRUE	reported	N3G9G5	textfile	rs2781668	4e-13	3Wzc9Y
rs487060	T	C	0.4816	0.011	0.0016	1.6e-11	exposure	TRUE	reported	N3G9G5	textfile	rs487060	1.6e-11	3Wzc9Y
rs13191362	A	G	0.8802	0.0236	0.0025	5.9e-21	exposure	TRUE	reported	N3G9G5	textfile	rs13191362	5.9e-21	3Wzc9Y
rs10275044	A	T	0.2075	-0.0129	0.0023	3.3e-08	exposure	TRUE	reported	N3G9G5	textfile	rs10275044	3.3e-08	3Wzc9Y
rs6461115	A	G	0.7715	0.0144	0.0019	1.2e-13	exposure	TRUE	reported	N3G9G5	textfile	rs6461115	1.2e-13	3Wzc9Y
rs4722398	T	C	0.1336	0.0158	0.0025	3.6e-10	exposure	TRUE	reported	N3G9G5	textfile	rs4722398	3.6e-10	3Wzc9Y
rs4307239	A	G	0.5422	-0.0115	0.0017	3.9e-11	exposure	TRUE	reported	N3G9G5	textfile	rs4307239	3.9e-11	3Wzc9Y
rs215632	A	G	0.3618	0.0152	0.0018	3.7e-17	exposure	TRUE	reported	N3G9G5	textfile	rs215632	3.7e-17	3Wzc9Y
rs10268050	T	C	0.7954	-0.0113	0.002	3.5e-08	exposure	TRUE	reported	N3G9G5	textfile	rs10268050	3.5e-08	3Wzc9Y
rs10269783	A	G	0.3896	0.0133	0.0017	1.4e-15	exposure	TRUE	reported	N3G9G5	textfile	rs10269783	1.4e-15	3Wzc9Y
rs17207196	T	C	0.4118	-0.0221	0.0018	2.1e-35	exposure	TRUE	reported	N3G9G5	textfile	rs17207196	2.1e-35	3Wzc9Y
rs1852006	A	G	0.3519	-0.0156	0.0018	4.9e-18	exposure	TRUE	reported	N3G9G5	textfile	rs1852006	4.9e-18	3Wzc9Y
rs13247665	T	C	0.6407	-0.0139	0.0018	1.4e-14	exposure	TRUE	reported	N3G9G5	textfile	rs13247665	1.4e-14	3Wzc9Y
rs13240600	A	G	0.8448	0.0204	0.0024	3.5e-17	exposure	TRUE	reported	N3G9G5	textfile	rs13240600	3.5e-17	3Wzc9Y
rs11496125	T	C	0.4212	0.0169	0.0017	3e-22	exposure	TRUE	reported	N3G9G5	textfile	rs11496125	3e-22	3Wzc9Y
rs12705987	A	T	0.4036	0.0135	0.0017	9.5e-15	exposure	TRUE	reported	N3G9G5	textfile	rs12705987	9.5e-15	3Wzc9Y
rs1899689	T	C	0.3986	0.0117	0.0016	1.5e-12	exposure	TRUE	reported	N3G9G5	textfile	rs1899689	1.5e-12	3Wzc9Y
rs2283093	T	C	0.2066	0.0127	0.0021	3.1e-09	exposure	TRUE	reported	N3G9G5	textfile	rs2283093	3.1e-09	3Wzc9Y
rs1814170	A	T	0.8946	0.0203	0.0029	2.1e-12	exposure	TRUE	reported	N3G9G5	textfile	rs1814170	2.1e-12	3Wzc9Y
rs11773362	T	C	0.3369	-0.0111	0.0018	1.5e-09	exposure	TRUE	reported	N3G9G5	textfile	rs11773362	1.5e-09	3Wzc9Y
rs4725984	T	C	0.359	-0.0128	0.0017	1.4e-13	exposure	TRUE	reported	N3G9G5	textfile	rs4725984	1.4e-13	3Wzc9Y
rs11783247	T	C	0.5375	-0.0169	0.0016	1.2e-24	exposure	TRUE	reported	N3G9G5	textfile	rs11783247	1.2e-24	3Wzc9Y
rs13263601	A	C	0.6522	-0.0154	0.0018	2.2e-17	exposure	TRUE	reported	N3G9G5	textfile	rs13263601	2.2e-17	3Wzc9Y
rs2543132	C	G	0.8134	0.0146	0.0022	5e-11	exposure	TRUE	reported	N3G9G5	textfile	rs2543132	5e-11	3Wzc9Y
rs1362910	A	G	0.4185	0.0121	0.0017	1.2e-12	exposure	TRUE	reported	N3G9G5	textfile	rs1362910	1.2e-12	3Wzc9Y
rs1431659	A	G	0.2656	0.0196	0.0019	6e-24	exposure	TRUE	reported	N3G9G5	textfile	rs1431659	6e-24	3Wzc9Y
rs1405348	A	G	0.4324	-0.0204	0.0017	6.2e-32	exposure	TRUE	reported	N3G9G5	textfile	rs1405348	6.2e-32	3Wzc9Y
rs733594	T	C	0.718	0.0138	0.0018	5.9e-14	exposure	TRUE	reported	N3G9G5	textfile	rs733594	5.9e-14	3Wzc9Y
rs12680842	A	G	0.6795	0.0133	0.0018	4.4e-14	exposure	TRUE	reported	N3G9G5	textfile	rs12680842	4.4e-14	3Wzc9Y
rs2721965	A	C	0.6665	0.0171	0.0018	1.1e-20	exposure	TRUE	reported	N3G9G5	textfile	rs2721965	1.1e-20	3Wzc9Y
rs11781699	T	C	0.8104	-0.0132	0.0021	3.1e-10	exposure	TRUE	reported	N3G9G5	textfile	rs11781699	3.1e-10	3Wzc9Y
rs12675063	A	T	0.8869	-0.0156	0.0026	1.3e-09	exposure	TRUE	reported	N3G9G5	textfile	rs12675063	1.3e-09	3Wzc9Y
rs1865341	T	C	0.758	0.0128	0.002	2.5e-10	exposure	TRUE	reported	N3G9G5	textfile	rs1865341	2.5e-10	3Wzc9Y
rs6474945	T	G	0.4498	-0.0186	0.0016	4.7e-30	exposure	TRUE	reported	N3G9G5	textfile	rs6474945	4.7e-30	3Wzc9Y
rs1412235	C	G	0.3175	0.0246	0.0017	6e-45	exposure	TRUE	reported	N3G9G5	textfile	rs1412235	6e-45	3Wzc9Y
rs10971712	T	C	0.1076	-0.0197	0.0027	6.4e-13	exposure	TRUE	reported	N3G9G5	textfile	rs10971712	6.4e-13	3Wzc9Y
rs2174307	C	G	0.4067	0.0121	0.0017	4.9e-12	exposure	TRUE	reported	N3G9G5	textfile	rs2174307	4.9e-12	3Wzc9Y
rs10867256	T	C	0.553	-0.0118	0.0017	8.7e-12	exposure	TRUE	reported	N3G9G5	textfile	rs10867256	8.7e-12	3Wzc9Y
rs7869771	A	C	0.7353	0.014	0.0019	4.9e-13	exposure	TRUE	reported	N3G9G5	textfile	rs7869771	4.9e-13	3Wzc9Y
rs4744275	A	G	0.266	0.0144	0.0018	7e-15	exposure	TRUE	reported	N3G9G5	textfile	rs4744275	7e-15	3Wzc9Y
rs10118701	A	G	0.6773	-0.0163	0.0018	1.1e-18	exposure	TRUE	reported	N3G9G5	textfile	rs10118701	1.1e-18	3Wzc9Y
rs7024334	T	G	0.2258	0.0138	0.002	3.1e-12	exposure	TRUE	reported	N3G9G5	textfile	rs7024334	3.1e-12	3Wzc9Y
rs1928295	T	C	0.5539	0.0141	0.0016	5.4e-18	exposure	TRUE	reported	N3G9G5	textfile	rs1928295	5.4e-18	3Wzc9Y
rs3829849	T	C	0.3589	0.0098	0.0017	5.9e-09	exposure	TRUE	reported	N3G9G5	textfile	rs3829849	5.9e-09	3Wzc9Y
rs7871866	C	G	0.1531	0.0187	0.0024	2.3e-14	exposure	TRUE	reported	N3G9G5	textfile	rs7871866	2.3e-14	3Wzc9Y
rs11251352	A	G	0.4012	-0.0109	0.0018	7e-10	exposure	TRUE	reported	N3G9G5	textfile	rs11251352	7e-10	3Wzc9Y
rs7893571	T	G	0.662	0.0136	0.0018	1.8e-13	exposure	TRUE	reported	N3G9G5	textfile	rs7893571	1.8e-13	3Wzc9Y
rs7084454	A	G	0.335	0.0193	0.0019	4e-25	exposure	TRUE	reported	N3G9G5	textfile	rs7084454	4e-25	3Wzc9Y
rs3851083	A	G	0.4325	-0.0102	0.0016	4.1e-10	exposure	TRUE	reported	N3G9G5	textfile	rs3851083	4.1e-10	3Wzc9Y
rs1937684	A	T	0.6592	0.0112	0.0018	8.7e-10	exposure	TRUE	reported	N3G9G5	textfile	rs1937684	8.7e-10	3Wzc9Y
rs2163188	C	G	0.474	0.0131	0.0017	2e-14	exposure	TRUE	reported	N3G9G5	textfile	rs2163188	2e-14	3Wzc9Y
rs12098284	T	C	0.1241	0.0178	0.0026	1.8e-11	exposure	TRUE	reported	N3G9G5	textfile	rs12098284	1.8e-11	3Wzc9Y
rs7899106	A	G	0.95223	-0.0331	0.0037	1e-18	exposure	TRUE	reported	N3G9G5	textfile	rs7899106	1e-18	3Wzc9Y
rs10887578	C	G	0.4896	0.0128	0.0017	1.6e-13	exposure	TRUE	reported	N3G9G5	textfile	rs10887578	1.6e-13	3Wzc9Y
rs577525	T	C	0.4324	-0.0166	0.0017	9.7e-22	exposure	TRUE	reported	N3G9G5	textfile	rs577525	9.7e-22	3Wzc9Y
rs10883759	A	G	0.3023	-0.0122	0.0018	5.4e-12	exposure	TRUE	reported	N3G9G5	textfile	rs10883759	5.4e-12	3Wzc9Y
rs7903146	T	C	0.2912	-0.0181	0.0018	1.3e-23	exposure	TRUE	reported	N3G9G5	textfile	rs7903146	1.3e-23	3Wzc9Y
rs845084	A	G	0.2678	0.014	0.002	1.3e-12	exposure	TRUE	reported	N3G9G5	textfile	rs845084	1.3e-12	3Wzc9Y
rs17636031	T	C	0.7299	-0.016	0.0019	1.2e-17	exposure	TRUE	reported	N3G9G5	textfile	rs17636031	1.2e-17	3Wzc9Y
rs12575252	C	G	0.351	-0.0182	0.0017	1.8e-26	exposure	TRUE	reported	N3G9G5	textfile	rs12575252	1.8e-26	3Wzc9Y
rs900144	T	C	0.5674	0.0166	0.0017	8.7e-22	exposure	TRUE	reported	N3G9G5	textfile	rs900144	8.7e-22	3Wzc9Y
rs6265	T	C	0.1951	-0.0412	0.0021	1e-86	exposure	TRUE	reported	N3G9G5	textfile	rs6265	1e-86	3Wzc9Y
rs7948120	T	C	0.2598	-0.0132	0.0019	7.3e-12	exposure	TRUE	reported	N3G9G5	textfile	rs7948120	7.3e-12	3Wzc9Y
rs1782507	T	G	0.6532	-0.0135	0.0018	1.3e-13	exposure	TRUE	reported	N3G9G5	textfile	rs1782507	1.3e-13	3Wzc9Y
rs12577642	A	T	0.686	-0.0213	0.0018	9.9e-31	exposure	TRUE	reported	N3G9G5	textfile	rs12577642	9.9e-31	3Wzc9Y
rs7124681	A	C	0.4133	0.0263	0.0016	3.2e-58	exposure	TRUE	reported	N3G9G5	textfile	rs7124681	3.2e-58	3Wzc9Y
rs11600990	T	C	0.1569	-0.0178	0.0023	3.8e-14	exposure	TRUE	reported	N3G9G5	textfile	rs11600990	3.8e-14	3Wzc9Y
rs7102454	T	C	0.6565	-0.0158	0.0018	2.4e-18	exposure	TRUE	reported	N3G9G5	textfile	rs7102454	2.4e-18	3Wzc9Y
rs1789165	A	G	0.6389	0.0138	0.0017	8e-16	exposure	TRUE	reported	N3G9G5	textfile	rs1789165	8e-16	3Wzc9Y
rs10830452	A	G	0.6712	-0.0111	0.0018	2.1e-09	exposure	TRUE	reported	N3G9G5	textfile	rs10830452	2.1e-09	3Wzc9Y
rs2605603	A	G	0.4887	-0.0103	0.0016	2.5e-10	exposure	TRUE	reported	N3G9G5	textfile	rs2605603	2.5e-10	3Wzc9Y
rs1048932	A	C	0.4162	-0.016	0.0017	3.8e-22	exposure	TRUE	reported	N3G9G5	textfile	rs1048932	3.8e-22	3Wzc9Y
rs1003081	T	C	0.4497	0.0121	0.0016	1.3e-13	exposure	TRUE	reported	N3G9G5	textfile	rs1003081	1.3e-13	3Wzc9Y
rs3134438	A	C	0.2855	0.0113	0.0019	6.1e-09	exposure	TRUE	reported	N3G9G5	textfile	rs3134438	6.1e-09	3Wzc9Y
rs1625427	T	C	0.6504	0.013	0.0018	1.4e-12	exposure	TRUE	reported	N3G9G5	textfile	rs1625427	1.4e-12	3Wzc9Y
rs329651	T	G	0.8055	0.0164	0.0021	9e-15	exposure	TRUE	reported	N3G9G5	textfile	rs329651	9e-15	3Wzc9Y
rs12364470	T	G	0.8374	-0.0178	0.0022	1.1e-15	exposure	TRUE	reported	N3G9G5	textfile	rs12364470	1.1e-15	3Wzc9Y
rs11611246	T	G	0.21	0.024	0.002	5e-32	exposure	TRUE	reported	N3G9G5	textfile	rs11611246	5e-32	3Wzc9Y
rs2429150	A	C	0.5836	-0.0111	0.0018	2.7e-10	exposure	TRUE	reported	N3G9G5	textfile	rs2429150	2.7e-10	3Wzc9Y
rs10744146	A	G	0.5146	-0.0122	0.0017	1.4e-12	exposure	TRUE	reported	N3G9G5	textfile	rs10744146	1.4e-12	3Wzc9Y
rs621042	A	C	0.451	-0.0107	0.0017	6.3e-10	exposure	TRUE	reported	N3G9G5	textfile	rs621042	6.3e-10	3Wzc9Y
rs10842240	C	G	0.1158	0.0218	0.0027	3.1e-16	exposure	TRUE	reported	N3G9G5	textfile	rs10842240	3.1e-16	3Wzc9Y
rs10876418	T	C	0.2325	-0.0123	0.0019	2.8e-10	exposure	TRUE	reported	N3G9G5	textfile	rs10876418	2.8e-10	3Wzc9Y
rs7138803	A	G	0.3772	0.03	0.0017	2.3e-71	exposure	TRUE	reported	N3G9G5	textfile	rs7138803	2.3e-71	3Wzc9Y
rs7975187	A	G	0.7926	-0.0128	0.0021	1.4e-09	exposure	TRUE	reported	N3G9G5	textfile	rs7975187	1.4e-09	3Wzc9Y
rs10878946	T	C	0.714	-0.0141	0.0019	3.6e-13	exposure	TRUE	reported	N3G9G5	textfile	rs10878946	3.6e-13	3Wzc9Y
rs2731222	A	C	0.2703	0.0131	0.0019	1.5e-11	exposure	TRUE	reported	N3G9G5	textfile	rs2731222	1.5e-11	3Wzc9Y
rs4764949	A	G	0.6643	0.0184	0.0018	1.7e-23	exposure	TRUE	reported	N3G9G5	textfile	rs4764949	1.7e-23	3Wzc9Y
rs11611496	A	G	0.2218	-0.0169	0.002	1.7e-16	exposure	TRUE	reported	N3G9G5	textfile	rs11611496	1.7e-16	3Wzc9Y
rs7133378	A	G	0.3269	0.0125	0.0018	9.4e-13	exposure	TRUE	reported	N3G9G5	textfile	rs7133378	9.4e-13	3Wzc9Y
rs1218822	A	G	0.6663	0.0168	0.0017	1.9e-22	exposure	TRUE	reported	N3G9G5	textfile	rs1218822	1.9e-22	3Wzc9Y
rs1045411	T	C	0.2647	-0.0148	0.0019	2.3e-15	exposure	TRUE	reported	N3G9G5	textfile	rs1045411	2.3e-15	3Wzc9Y
rs9603697	T	C	0.3186	0.0141	0.0018	2.6e-14	exposure	TRUE	reported	N3G9G5	textfile	rs9603697	2.6e-14	3Wzc9Y
rs12429545	A	G	0.1248	0.0316	0.0025	9.6e-38	exposure	TRUE	reported	N3G9G5	textfile	rs12429545	9.6e-38	3Wzc9Y
rs9540493	A	G	0.4419	0.0139	0.0017	8.1e-17	exposure	TRUE	reported	N3G9G5	textfile	rs9540493	8.1e-17	3Wzc9Y
rs629443	T	G	0.2501	0.0116	0.0019	1.4e-09	exposure	TRUE	reported	N3G9G5	textfile	rs629443	1.4e-09	3Wzc9Y
rs1668633	T	C	0.5738	0.01	0.0017	8.7e-09	exposure	TRUE	reported	N3G9G5	textfile	rs1668633	8.7e-09	3Wzc9Y
rs9530843	A	C	0.5558	0.0128	0.0018	4.8e-13	exposure	TRUE	reported	N3G9G5	textfile	rs9530843	4.8e-13	3Wzc9Y
rs1927790	T	C	0.5891	-0.0148	0.0016	1.8e-19	exposure	TRUE	reported	N3G9G5	textfile	rs1927790	1.8e-19	3Wzc9Y
rs7334078	T	C	0.7118	0.0121	0.0019	2.2e-10	exposure	TRUE	reported	N3G9G5	textfile	rs7334078	2.2e-10	3Wzc9Y
rs2479958	A	G	0.4925	0.0154	0.0018	1.5e-17	exposure	TRUE	reported	N3G9G5	textfile	rs2479958	1.5e-17	3Wzc9Y
rs10132280	A	C	0.3017	-0.0223	0.0018	5.6e-35	exposure	TRUE	reported	N3G9G5	textfile	rs10132280	5.6e-35	3Wzc9Y
rs4981693	A	G	0.771	0.0206	0.002	6.9e-24	exposure	TRUE	reported	N3G9G5	textfile	rs4981693	6.9e-24	3Wzc9Y
rs12587412	T	G	0.4896	0.0146	0.0017	4.8e-17	exposure	TRUE	reported	N3G9G5	textfile	rs12587412	4.8e-17	3Wzc9Y
rs217671	A	G	0.7281	-0.0144	0.0019	1.3e-13	exposure	TRUE	reported	N3G9G5	textfile	rs217671	1.3e-13	3Wzc9Y
rs3902951	T	G	0.7545	-0.0134	0.002	7e-12	exposure	TRUE	reported	N3G9G5	textfile	rs3902951	7e-12	3Wzc9Y
rs7144011	T	G	0.2136	0.0282	0.002	5.2e-47	exposure	TRUE	reported	N3G9G5	textfile	rs7144011	5.2e-47	3Wzc9Y
rs12888545	A	G	0.7481	-0.0136	0.002	9.1e-12	exposure	TRUE	reported	N3G9G5	textfile	rs12888545	9.1e-12	3Wzc9Y
rs1951455	T	C	0.2747	-0.0145	0.0019	4.5e-14	exposure	TRUE	reported	N3G9G5	textfile	rs1951455	4.5e-14	3Wzc9Y
rs10131890	A	C	0.9503	-0.0222	0.0039	1.6e-08	exposure	TRUE	reported	N3G9G5	textfile	rs10131890	1.6e-08	3Wzc9Y
rs7147503	T	C	0.3697	-0.0119	0.0018	2e-11	exposure	TRUE	reported	N3G9G5	textfile	rs7147503	2e-11	3Wzc9Y
rs3803286	A	G	0.3431	0.0181	0.0018	4.1e-23	exposure	TRUE	reported	N3G9G5	textfile	rs3803286	4.1e-23	3Wzc9Y
rs2010281	A	G	0.3552	-0.0161	0.0017	6.7e-21	exposure	TRUE	reported	N3G9G5	textfile	rs2010281	6.7e-21	3Wzc9Y
rs4906908	T	G	0.4747	-0.0103	0.0017	2.5e-09	exposure	TRUE	reported	N3G9G5	textfile	rs4906908	2.5e-09	3Wzc9Y
rs4284600	T	C	0.5288	-0.0118	0.0017	1.3e-11	exposure	TRUE	reported	N3G9G5	textfile	rs4284600	1.3e-11	3Wzc9Y
rs8036040	A	C	0.4932	0.0109	0.0017	2.7e-10	exposure	TRUE	reported	N3G9G5	textfile	rs8036040	2.7e-10	3Wzc9Y
rs3736485	A	G	0.4557	0.0134	0.0016	2.5e-16	exposure	TRUE	reported	N3G9G5	textfile	rs3736485	2.5e-16	3Wzc9Y
rs17238110	A	G	0.8366	0.0353	0.005	2e-12	exposure	TRUE	reported	N3G9G5	textfile	rs17238110	2e-12	3Wzc9Y
rs13329567	T	C	0.2308	-0.0293	0.002	1e-50	exposure	TRUE	reported	N3G9G5	textfile	rs13329567	1e-50	3Wzc9Y
rs12593036	A	G	0.7007	0.0154	0.0019	3.8e-16	exposure	TRUE	reported	N3G9G5	textfile	rs12593036	3.8e-16	3Wzc9Y
rs7181498	T	C	0.3691	0.0163	0.0018	1e-19	exposure	TRUE	reported	N3G9G5	textfile	rs7181498	1e-19	3Wzc9Y
rs12448257	A	G	0.218	0.0184	0.002	8.1e-20	exposure	TRUE	reported	N3G9G5	textfile	rs12448257	8.1e-20	3Wzc9Y
rs879620	T	C	0.6179	0.0231	0.0018	5.3e-38	exposure	TRUE	reported	N3G9G5	textfile	rs879620	5.3e-38	3Wzc9Y
rs10083803	T	C	0.2605	-0.0127	0.0019	5.9e-11	exposure	TRUE	reported	N3G9G5	textfile	rs10083803	5.9e-11	3Wzc9Y
rs9927848	A	C	0.7326	-0.0122	0.002	6.4e-10	exposure	TRUE	reported	N3G9G5	textfile	rs9927848	6.4e-10	3Wzc9Y
rs7195386	T	C	0.5014	0.0133	0.0017	1.1e-14	exposure	TRUE	reported	N3G9G5	textfile	rs7195386	1.1e-14	3Wzc9Y
rs7187776	A	G	0.5927	-0.0265	0.0016	1.4e-58	exposure	TRUE	reported	N3G9G5	textfile	rs7187776	1.4e-58	3Wzc9Y
rs3814883	T	C	0.4764	0.0232	0.0017	1.1e-40	exposure	TRUE	reported	N3G9G5	textfile	rs3814883	1.1e-40	3Wzc9Y
rs2080454	A	C	0.6211	-0.0129	0.0017	1.7e-14	exposure	TRUE	reported	N3G9G5	textfile	rs2080454	1.7e-14	3Wzc9Y
rs8047395	A	G	0.5061	0.0642	0.0017	1e-200	exposure	TRUE	reported	N3G9G5	textfile	rs8047395	1e-200	3Wzc9Y
rs2075205	A	T	0.5866	0.0111	0.0017	1.8e-10	exposure	TRUE	reported	N3G9G5	textfile	rs2075205	1.8e-10	3Wzc9Y
rs12448738	A	C	0.8629	-0.0168	0.0025	2.8e-11	exposure	TRUE	reported	N3G9G5	textfile	rs12448738	2.8e-11	3Wzc9Y
rs889398	T	C	0.4247	-0.0196	0.0016	1.3e-32	exposure	TRUE	reported	N3G9G5	textfile	rs889398	1.3e-32	3Wzc9Y
rs756717	A	G	0.3973	-0.0148	0.0017	5.4e-18	exposure	TRUE	reported	N3G9G5	textfile	rs756717	5.4e-18	3Wzc9Y
rs12922346	C	G	0.2657	0.0136	0.002	1e-11	exposure	TRUE	reported	N3G9G5	textfile	rs12922346	1e-11	3Wzc9Y
rs7206608	C	G	0.6854	-0.0132	0.0019	1.3e-12	exposure	TRUE	reported	N3G9G5	textfile	rs7206608	1.3e-12	3Wzc9Y
rs4516268	A	C	0.1925	-0.0217	0.0021	5.2e-25	exposure	TRUE	reported	N3G9G5	textfile	rs4516268	5.2e-25	3Wzc9Y
rs1075901	T	C	0.4361	-0.0121	0.0016	1.2e-13	exposure	TRUE	reported	N3G9G5	textfile	rs1075901	1.2e-13	3Wzc9Y
rs4986044	T	C	0.4687	-0.0164	0.0016	3.3e-23	exposure	TRUE	reported	N3G9G5	textfile	rs4986044	3.3e-23	3Wzc9Y
rs7211567	T	C	0.2201	-0.0145	0.0021	4.5e-12	exposure	TRUE	reported	N3G9G5	textfile	rs7211567	4.5e-12	3Wzc9Y
rs1106908	A	G	0.4409	-0.0158	0.0016	3.1e-22	exposure	TRUE	reported	N3G9G5	textfile	rs1106908	3.1e-22	3Wzc9Y
rs4796243	A	G	0.3029	-0.0124	0.0019	6.1e-11	exposure	TRUE	reported	N3G9G5	textfile	rs4796243	6.1e-11	3Wzc9Y
rs208015	T	C	0.0784	0.0356	0.0034	1.4e-25	exposure	TRUE	reported	N3G9G5	textfile	rs208015	1.4e-25	3Wzc9Y
rs8071182	A	G	0.1735	0.0133	0.0022	2.1e-09	exposure	TRUE	reported	N3G9G5	textfile	rs8071182	2.1e-09	3Wzc9Y
rs12602912	T	C	0.2048	0.0176	0.0021	9.9e-18	exposure	TRUE	reported	N3G9G5	textfile	rs12602912	9.9e-18	3Wzc9Y
rs12939549	A	G	0.5665	0.018	0.0016	2.7e-28	exposure	TRUE	reported	N3G9G5	textfile	rs12939549	2.7e-28	3Wzc9Y
rs8097544	A	G	0.8477	-0.02	0.0025	9.3e-16	exposure	TRUE	reported	N3G9G5	textfile	rs8097544	9.3e-16	3Wzc9Y
rs1241986	A	G	0.8479	-0.0139	0.0024	1.1e-08	exposure	TRUE	reported	N3G9G5	textfile	rs1241986	1.1e-08	3Wzc9Y
rs12964689	A	G	0.5176	0.0203	0.0017	5.1e-32	exposure	TRUE	reported	N3G9G5	textfile	rs12964689	5.1e-32	3Wzc9Y
rs273697	A	G	0.4779	-0.0098	0.0017	1.5e-08	exposure	TRUE	reported	N3G9G5	textfile	rs273697	1.5e-08	3Wzc9Y
rs1365466	T	C	0.7406	-0.0137	0.0019	3.3e-13	exposure	TRUE	reported	N3G9G5	textfile	rs1365466	3.3e-13	3Wzc9Y
rs555267	T	G	0.33	0.0126	0.0017	6e-13	exposure	TRUE	reported	N3G9G5	textfile	rs555267	6e-13	3Wzc9Y
rs10438964	T	C	0.2757	-0.0127	0.0019	7.6e-11	exposure	TRUE	reported	N3G9G5	textfile	rs10438964	7.6e-11	3Wzc9Y
rs7239114	A	G	0.5403	0.0124	0.0017	1.2e-13	exposure	TRUE	reported	N3G9G5	textfile	rs7239114	1.2e-13	3Wzc9Y
rs663129	A	G	0.2301	0.0545	0.0019	1.6e-178	exposure	TRUE	reported	N3G9G5	textfile	rs663129	1.6e-178	3Wzc9Y
rs11150911	A	C	0.2809	0.0133	0.0018	4.7e-13	exposure	TRUE	reported	N3G9G5	textfile	rs11150911	4.7e-13	3Wzc9Y
rs895330	C	G	0.8076	0.0201	0.0023	5.5e-19	exposure	TRUE	reported	N3G9G5	textfile	rs895330	5.5e-19	3Wzc9Y
rs273504	A	G	0.5734	-0.0153	0.0018	4.4e-18	exposure	TRUE	reported	N3G9G5	textfile	rs273504	4.4e-18	3Wzc9Y
rs17724992	A	G	0.7404	0.0183	0.0019	1e-22	exposure	TRUE	reported	N3G9G5	textfile	rs17724992	1e-22	3Wzc9Y
rs998732	A	G	0.8422	0.0171	0.0022	2e-14	exposure	TRUE	reported	N3G9G5	textfile	rs998732	2e-14	3Wzc9Y
rs8102137	T	C	0.6763	-0.0193	0.0018	1.7e-25	exposure	TRUE	reported	N3G9G5	textfile	rs8102137	1.7e-25	3Wzc9Y
rs11668301	A	G	0.8482	0.021	0.0024	1.9e-18	exposure	TRUE	reported	N3G9G5	textfile	rs11668301	1.9e-18	3Wzc9Y
rs11672660	T	C	0.2049	-0.034	0.0021	1.7e-60	exposure	TRUE	reported	N3G9G5	textfile	rs11672660	1.7e-60	3Wzc9Y
rs1884389	T	C	0.4289	-0.0103	0.0017	4e-09	exposure	TRUE	reported	N3G9G5	textfile	rs1884389	4e-09	3Wzc9Y
rs676749	A	T	0.502	-0.0104	0.0017	1.7e-09	exposure	TRUE	reported	N3G9G5	textfile	rs676749	1.7e-09	3Wzc9Y
rs1884897	A	G	0.3692	-0.0194	0.0017	1.3e-30	exposure	TRUE	reported	N3G9G5	textfile	rs1884897	1.3e-30	3Wzc9Y
rs8123881	A	G	0.8701	-0.0196	0.0024	4.4e-16	exposure	TRUE	reported	N3G9G5	textfile	rs8123881	4.4e-16	3Wzc9Y
rs6142096	A	G	0.5278	0.0137	0.0017	1.8e-15	exposure	TRUE	reported	N3G9G5	textfile	rs6142096	1.8e-15	3Wzc9Y
rs2425857	A	G	0.4409	0.0116	0.0017	2.8e-11	exposure	TRUE	reported	N3G9G5	textfile	rs2425857	2.8e-11	3Wzc9Y
rs17806379	T	C	0.1789	-0.0258	0.0022	1.5e-30	exposure	TRUE	reported	N3G9G5	textfile	rs17806379	1.5e-30	3Wzc9Y
rs6011457	A	T	0.4975	-0.0116	0.0017	2.7e-11	exposure	TRUE	reported	N3G9G5	textfile	rs6011457	2.7e-11	3Wzc9Y
rs13047416	C	G	0.6231	0.0154	0.0018	2.2e-17	exposure	TRUE	reported	N3G9G5	textfile	rs13047416	2.2e-17	3Wzc9Y
rs427943	A	C	0.4331	-0.017	0.0017	7.3e-23	exposure	TRUE	reported	N3G9G5	textfile	rs427943	7.3e-23	3Wzc9Y
rs4820408	T	G	0.408	0.0151	0.0017	2.1e-19	exposure	TRUE	reported	N3G9G5	textfile	rs4820408	2.1e-19	3Wzc9Y
rs9615905	T	C	0.45	0.011	0.0017	2.7e-10	exposure	TRUE	reported	N3G9G5	textfile	rs9615905	2.7e-10	3Wzc9Y
